{
  "volume_db": 4.990099009900987,
  "eq": [
    -6.857142857142858,
    -4.114285714285714,
    0.6857142857142868,
    4.9714285714285715,
    4.800000000000001
  ],
  "gate_enabled": false,
  "gate_mode": "Expander",
  "open_thr_db": -28.972746331236895,
  "close_thr_db": -48.0,
  "floor_db": -17.713017751479285,
  "expander_ratio": 4.0,
  "presets": [
    {
      "volume_db": 4.990099009900987,
      "eq": [
        -6.857142857142858,
        -4.114285714285714,
        0.6857142857142868,
        4.9714285714285715,
        4.800000000000001
      ],
      "gate_enabled": false,
      "gate_mode": "Expander",
      "open_thr_db": -28.972746331236895,
      "close_thr_db": -48.0,
      "floor_db": -17.713017751479285,
      "expander_ratio": 4.0,
      "name": "Default"
    }
  ]
}